row_id,pred_total_volume_m3,pred_chilled_volume_m3
W0000,530.7103,193.8601
W0001,77.3549,0.0
W0002,21.7346,0.0
W0003,991.637,361.168
W0004,142.7932,0.0
W0005,39.8151,0.0
W0006,603.0886,219.9179
W0007,112.4916,0.0
W0008,34.6361,0.0
W0009,1123.9359,411.3399
W0010,184.2713,0.0
W0011,43.616,0.0
W0012,503.8069,189.0937
W0013,73.3246,0.0
W0014,0.0,0.0
W0015,1034.2326,380.2551
W0016,140.4115,0.0
W0017,12.5741,0.0
W0018,519.4881,191.4621
W0019,72.4943,0.0
W0020,14.8067,0.0
W0021,1034.5217,381.7486
W0022,146.7787,0.0
W0023,33.4489,0.0
W0024,526.7005,191.4144
W0025,69.096,0.0
W0026,0.0,0.0
W0027,1021.4431,379.9673
W0028,141.1488,0.0
W0029,16.7666,0.0
W0030,520.6311,198.2648
W0031,74.3496,0.0
W0032,19.2189,0.0
W0033,972.4093,363.8731
W0034,121.1252,0.0
W0035,30.2263,0.0
W0036,514.5185,195.4267
W0037,76.5826,0.0
W0038,24.7028,0.0
W0039,906.7677,338.8132
W0040,133.3865,0.0
W0041,29.0063,0.0
W0042,506.0376,184.4074
W0043,82.1893,0.0
W0044,14.0976,0.0
W0045,970.1501,371.7071
W0046,135.3372,0.0
W0047,27.5725,0.0
W0048,577.0164,215.4112
W0049,92.5924,0.0
W0050,14.2656,0.0
W0051,1085.6165,412.5547
W0052,153.9452,0.0
W0053,24.1733,0.0
W0054,508.8426,193.9894
W0055,73.3163,0.0
W0056,22.1557,0.0
W0057,937.948,352.509
W0058,128.2663,0.0
W0059,29.5206,0.0
